{
  "spark": {
    "spark.master": "spark://localhost:6066",
    "spark.executor.memory": "512m",
    "spark.driver.memory": "512m",
    "spark.cores.max": "8",
    "spark.pyspark.virtualenv.bin.path": "melisekm_vinf/bin/virtualenv",
    "spark.pyspark.virtualenv.requirements": "requirements.txt",
    "spark.executorEnv.PYTHONIOENCODING": "utf8",
    "spark.pyspark.virtualenv.enabled": true,
    "spark.pyspark.virtualenv.type": "native",
    "spark.app.name": "MelisekM_SK_WIKI_PARSER"
  },
  "partitions": 32,
  "stop_words_path": "SK_stopwords.txt",
  "preprocessor_components": [
    "normalize",
    "tokenize",
    "remove_stopwords",
    "lemmatize",
    "stop_words_cleaner"
  ]
}